[
  {
    "name": "Beach Escapes Updated",
    "description": "Relax on sunny beaches with crystal clear water and ocean views.",
    "image": "/images/sea-sound.jpg",
    "pricePerNight": 220,
    "rating": 4.8
  },
  {
    "name": "Mountain Retreats",
    "description": "Unplug in peaceful mountain towns with scenic hiking and fresh air.",
    "image": "/images/reef1.jpg",
    "pricePerNight": 150,
    "rating": 4.6
  },
  {
    "name": "City Adventures",
    "description": "Explore top attractions, food, nightlife, and culture in vibrant cities.",
    "image": "/images/first-class.jpg",
    "pricePerNight": 180,
    "rating": 4.7
  }
]